AI-Tool,Votes ,Subscription,Category/Fields
Humata AI,2955,Freemium,Technology
Shuffll,804,Paid,Marketing
Textero AI Essay Writer ,234,Freemium,Education
ChatGPT,5151,Freemium,Education
Tome,4162,Free,Entertainment
Midjourney ,3265,Free Trial,Retail
Durable,2831,Freemium,Retail
Namelix,4645,Free,Marketing
Fliki,4150,Paid,Retail
Codeium,3217,Free,Education
Riffusion ,3110,Free,Entertainment
Piggy,2979,Free,Telecommunication
NightCafe Studio,1805,Freemium,Entertainment
TutorAI ,1797,Freemium,Education
Boomy,1792,Freemium,Entertainment
ChatGPT Writer,1761,Free,Telecommunication
Jasper,1694,Free Trial,Education
DALL-E 2,1674,Freemium,Technology
MidJourney Prompt Helper,1706,Free,Technology
Stable Diffusion,1702,Freemium,Technology
Mubert ,1713,Freemium,Entertainment
Validator AI,1584,Free,Technology
Magic Studio,1588,Freemium,Entertainment
Autodraw,1602,Free,Retail
Notion AI,1558,Freemium,Retail
MarketingBlocks,1496,Freemium,Marketing
IdeasAI,1546,Free,Technology
Craiyon,1531,Free,Entertainment
Munch,1528,Free,Marketing
Fy! Studio,1516,Free,Technology
Wisdolia,1451,Free,Education
PowerMode AI,1415,Free,Marketing
PaperBrain ,1435,Free,Education
Synthesia,1451,Paid,Entertainment
Pollinations,1398,Free,Technology
Rytr,1363,Freemium,Telecommunication
Public Prompts,1376,Free,Technology
Where To,1327,Free,Transportation
Profile Picture AI,1349,Paid,Technology
Scribble Diffusion,1341,Free,Technology
MarsX,1321,Free,Technology
IngestAI ,1094,Freemium,Retail
Stockimg.ai,1129,Free Trial,Technology
Glambase,1103,Free,Telecommunication
Uberduck,1261,Free,Technology
Safurai,1255,Free,Technology
AirOps,1217,Freemium,Technology
Adobr Podcast,1212,Free,Education
Monica,1109,Freemium,Telecommunication
ThumbnailAi,1179,Free,Technology
Merlin,1176,Free,Telecommunication
timeOS,869,Freemium,Manufacturing
Bright Eyw,1024,Free,Entertainment
WatchNow AI,1106,Free,Healthcare
Quillbot,1104,Freemium,Manufacturing
MagicForm,956,Freemium,Retail
Socratic by Google,1100,Free,Education
Magic Type AI,1097,Free,Telecommunication
Creative Reality Studio ,1073,Free Trial,technology
SheetAI.app,1070,Paid,Finance
SEO GPT,1067,Free,Marketing
WTF Does This Company Do?,998,Free,Entertainment
Imagecolorizer ,1057,Free,Entertainment
Lucidpic,966,Freemium,Finance
Namy.ai,1007,Free,Finance
Casper AI,977,Free,Finance
Pixelicious,995,Free,Technology
Kinetix,993,Paid,Entertainment
ProductBot,965,Free,Manufacturing
Civitai,983,Free,Education
Predict AI,953,Paid,Telecommunication
Glasp,972,Free,Telecommunication
WolframAlpha,920,Freemium,Education
HoppyCopy,917,Free Trial,Telecommunication
Microsoft Bing,932,Free,Technology
STORYD,833,Freemium,Retail
Teachable Machine,889,Free,Education
Pixela AI ,884,Free,Technology
Descript ,884,Freemium,Manufacturing
Woebot Health ,872,Free,Healthcare
Moonbeam,847,Free Trial,Marketing
Excel Formula Bot,855,Freemium,Technology
Gamma,512,Free Trial,Manufacturing
Interior AI ,831,Free Trial,Finance
TubeMagic,795,Paid,Technology
Booom ,810,Free,Entertainment
Palette.fm,826,Freemium,Education
ChefGPT,825,Freemium,Healthcare
Roamaround,779,Free,Retail
Klap,647,Free Trial,Technology
Genmo AI,767,Free,Technology
Perplexity,766,Freemium,Technology
Podcast,785,Free,Education
HarmonAI,805,Free,Entertainment
GET3D by NVIDIA,743,Free,Entertainment
PlayArti,767,Free,Manufacturing
Easy Peasy AI,670,Free,Technology
MeetGeek,749,Free,Technology
AI Studios ,741,Paid,Manufacturing
Canva Text to Image,735,Freemium,Marketing
Runwayml,711,Freemium,Entertainment
AutoGPT,679,Free,Telecommunication
TwitterBio,715,Free,Telecommunication
Phind,666,Free,Education
Chromox,604,Free,Manufacturing
Upword,683,Free Trial,Education
Replit,698,Freemium,Education
Audyo,655,Free Trial,technology
Ordinary People Prompts,692,Free,Education
Gen-2 by Runway,609,Free Trial,Manufacturing
Facial Assessment Tool,669,Free,Healthcare
Papercup,681,Paid,Retail
Suggest Gift,678,Free,Retail
Build AI,677,Paid,Marketing
GitFluence,656,Free,Technology
Consensus,636,Freemium,Education
Taskade,655,Freemium,Technology
Softr Studio,675,Freemium Free Trial,Manufacturing
Arcwise,652,Paid,Manufacturing
ImageCreator,571,Free,Technology
Mixo,610,Free Trial,Manufacturing
Fast.ai,668,Free,Education
Maps GPT,666,Free,Transportation
Flair AI,656,Free Trial,Telecommunication
LongShot,653,Freemium,Technology
JourneAI,652,Free,Transportation
Zapt,582,Freemium,Manufacturing
AI Trip Planner,619,Freemium,Transportation
Chatbase,536,Paid,Marketing
ELI5,626,Freemium,Education
Google Gemini ,577,Freemium,Technology
Aidaptive,577,Free Trial,Marketing
AI Transcription by Riverside,436,Free,Technology
Vocal Remover,575,Free,Entertainment
Find Your Next Book,602,Free,Healthcare
AgentGPT,578,Free,Healthcare
Drayk It,591,Free,Entertainment
Microsoft Designer,584,Paid,Technology
Taplio,559,Free Trial,Marketing
Yaara,576,Free,Entertainment
DoNotPay,566,Paid,Finance
Natural Language Playlist,544,Free,Entertainment
Peppertype.ai,563,Freemium,Marketing
Laion ,540,Free,Education
Quizgecko,479,Freemium,Education
Amazon CodeWhisperer,557,Free,Education
Copymatic,536,Free Trial,Manufacturing
StudioGPT by Latent Labs,553,Paid,Retail
GitaGPT,520,Free,Education
Cohesive,438,Free Trial,Marketing
GPT-3 Playground,516,Free Trial,Education
PPLEGPT,535,Free,Healthcare
Never,353,Freemium,Entertainment
Hypotenuse,491,Free Trial,Retail
GitHub Copilot,496,Free Trial,Manufacturing
Superflows,408,Freemium,Manufacturing
GetFloorPlan,461,Freemium,Finance
Syllaby,358,Freemium,Telecommunication
Cleanup.pictures,498,Freemium,Finance
MovieToEmoji,456,Free,Entertainment
Summarize Tech,494,Free,Education
AI Experiments ,488,Free,Education
Lunaa,461,Free Trial,Marketing
EbSynth,460,Free,Education
Creative AI,408,Freemium,Marketing
Speechify,448,Freemium,Technology
Krisp,465,Freemium,Retail
